{"cameraMode":{"drawMode":0,"name":"Shaded","section":"Shading Mode"},"sceneLighting":false,"audioPlay":false,"sceneViewState":{"m_AlwaysRefresh":false,"showFog":false,"showSkybox":false,"showFlares":true,"showImageEffects":true,"showParticleSystems":true,"showVisualEffectGraphs":true,"m_FxEnabled":true},"in2DMode":false,"pivot":{"x":-25.404794692993165,"y":71.43251037597656,"z":-0.6368408203125},"rotation":{"x":-0.0029999325051903726,"y":-0.001501626567915082,"z":0.000030088556741247885,"w":1.0000251531600953},"size":246.44580078125,"orthographic":false}