{"cameraMode":{"drawMode":0,"name":"Shaded","section":"Shading Mode"},"sceneLighting":true,"audioPlay":false,"sceneViewState":{"m_AlwaysRefresh":false,"showFog":false,"showSkybox":true,"showFlares":true,"showImageEffects":true,"showParticleSystems":true,"showVisualEffectGraphs":true,"m_FxEnabled":true},"in2DMode":false,"pivot":{"x":-0.010156742297112942,"y":0.22678323090076447,"z":-0.0035550594329833986},"rotation":{"x":-0.0029999325051903726,"y":-0.001501626567915082,"z":0.000030088556741247885,"w":1.0000251531600953},"size":0.7827287316322327,"orthographic":false}