{"cameraMode":{"drawMode":0,"name":"Shaded","section":"Shading Mode"},"sceneLighting":true,"audioPlay":false,"sceneViewState":{"m_AlwaysRefresh":false,"showFog":false,"showSkybox":true,"showFlares":true,"showImageEffects":true,"showParticleSystems":true,"showVisualEffectGraphs":true,"m_FxEnabled":true},"in2DMode":false,"pivot":{"x":43.91510009765625,"y":10.107742309570313,"z":11.983430862426758},"rotation":{"x":0.2794400751590729,"y":0.1063174307346344,"z":-0.031104685738682748,"w":0.9537826180458069},"size":11.428157806396485,"orthographic":false}